{"cameraMode":{"drawMode":0,"name":"Shaded","section":"Shading Mode"},"sceneLighting":false,"audioPlay":false,"sceneViewState":{"m_AlwaysRefresh":false,"showFog":true,"showSkybox":false,"showFlares":true,"showImageEffects":true,"showParticleSystems":true,"showVisualEffectGraphs":true,"m_FxEnabled":true},"in2DMode":false,"pivot":{"x":68.88192749023438,"y":256.6906433105469,"z":34.82355880737305},"rotation":{"x":-0.14519789814949037,"y":-0.035909924656152728,"z":0.005273471586406231,"w":-0.9887369871139526},"size":130.50332641601563,"orthographic":false}